City_ID,City,Country,Lat,Lng,Max Temp,Humidity,Cloudiness,Wind Speed,Current Description
0,Rikitea,PF,-23.1203,-134.9692,73.26,77,0,5.7,light rain
1,Alofi,NU,-19.0595,-169.9187,76.89,69,1,13.8,clear sky
2,Yellowknife,CA,62.456,-114.3525,66.72,42,20,10.36,few clouds
3,Boundiali,CI,9.5217,-6.4869,68.68,96,100,6.38,overcast clouds
4,Challapata,BO,-18.9,-66.7667,45.1,31,9,5.03,clear sky
5,Kolyshley,RU,52.7005,44.5367,57.81,91,100,7.16,light rain
6,Vaini,TO,-21.2,-175.2,77.16,83,20,8.05,few clouds
7,Kawalu,ID,-7.3817,108.2082,77.95,75,94,4.76,overcast clouds
8,Bengkulu,ID,-3.8004,102.2655,83.68,68,24,3.98,few clouds
9,Busselton,AU,-33.65,115.3333,60.35,72,41,17.18,scattered clouds
10,Tiksi,RU,71.6872,128.8694,42.33,78,17,21.63,few clouds
11,Cape Town,ZA,-33.9258,18.4232,55.38,77,0,2.3,clear sky
12,Banda Aceh,ID,5.5577,95.3222,87.35,58,85,12.3,overcast clouds
13,Kabare,CD,-2.4683,28.8242,57.4,79,10,1.28,clear sky
14,Faya,SA,18.3851,42.4509,64.92,53,97,5.35,overcast clouds
15,Mataura,NZ,-46.1927,168.8643,47.48,86,100,3.22,overcast clouds
16,Mogadishu,SO,2.0371,45.3438,75.56,83,68,17.54,broken clouds
17,Lebu,CL,-37.6167,-73.65,50.36,92,100,3.6,overcast clouds
18,Havre-Saint-Pierre,CA,50.2334,-63.5986,59.36,82,0,0.0,clear sky
19,Kodiak,US,57.79,-152.4072,56.71,67,20,10.36,few clouds
20,Torbay,CA,47.6666,-52.7314,62.76,88,100,34.52,overcast clouds
21,Dukat,RU,62.55,155.55,50.5,45,100,7.81,overcast clouds
22,Cherskiy,RU,68.75,161.3,47.57,40,14,19.39,few clouds
23,Ushuaia,AR,-54.8,-68.3,29.86,86,100,18.41,light snow
24,Coahuayana,MX,18.7333,-103.6833,79.75,94,14,2.17,few clouds
25,Porto Walter,BR,-8.2686,-72.7439,70.03,81,5,0.94,clear sky
26,Gannan,CN,47.9147,123.5031,88.59,46,18,1.12,few clouds
27,Bluff,NZ,-46.6,168.3333,47.8,71,100,8.66,overcast clouds
28,Hermanus,ZA,-34.4187,19.2345,49.5,75,1,5.53,clear sky
29,Cidreira,BR,-30.1811,-50.2056,60.84,95,4,12.33,clear sky
30,Avarua,CK,-21.2078,-159.775,69.85,78,75,13.8,light rain
31,Kapaa,US,22.0752,-159.319,84.18,73,40,17.27,scattered clouds
32,Dongsheng,CN,39.8161,109.9776,81.61,25,4,3.2,clear sky
33,Ciudad Bolivar,VE,8.1222,-63.5497,77.7,86,100,5.32,overcast clouds
34,Okhotsk,RU,59.3833,143.3,62.96,82,98,7.14,overcast clouds
35,Lamu,KE,-2.2717,40.902,71.82,84,33,14.43,light rain
36,Kavieng,PG,-2.5744,150.7967,83.12,74,98,9.86,light rain
37,Bredasdorp,ZA,-34.5322,20.0403,43.29,88,0,5.14,clear sky
38,Talnakh,RU,69.4865,88.3972,57.4,68,100,11.12,overcast clouds
39,Muros,ES,42.7762,-9.0603,64.83,84,6,8.84,clear sky
40,Sibolga,ID,1.7427,98.7792,86.05,59,52,4.43,broken clouds
41,Mundo Nuevo,MX,18.7,-95.5,80.87,73,31,7.67,scattered clouds
42,Phan Thiet,VN,10.9333,108.1,84.51,69,99,5.35,overcast clouds
43,Ponta Do Sol,PT,32.6667,-17.1,72.72,67,9,6.96,clear sky
44,Tasiilaq,GL,65.6145,-37.6368,35.76,79,100,5.7,overcast clouds
45,Marawi,PH,7.9986,124.2928,78.22,80,74,5.41,broken clouds
46,Sept-Iles,CA,50.2001,-66.3821,66.2,66,0,5.75,clear sky
47,Carolina,PR,18.3808,-65.9574,82.96,86,40,11.5,scattered clouds
48,Merke,KZ,42.8728,73.1786,88.92,16,0,5.88,clear sky
49,Butaritari,KI,3.0707,172.7902,80.91,77,93,8.03,moderate rain
50,Severo-Kurilsk,RU,50.6789,156.125,52.02,97,98,14.29,light rain
51,Moose Factory,CA,51.2585,-80.6094,62.6,94,100,9.22,moderate rain
52,Dobrun,RU,53.1851,34.2462,57.27,93,75,15.99,broken clouds
53,Ahipara,NZ,-35.1667,173.1667,57.31,64,13,17.54,few clouds
54,Pevek,RU,69.7008,170.3133,32.25,93,98,16.78,overcast clouds
55,Bethel,US,41.3712,-73.414,79.63,81,1,1.01,clear sky
56,Dikson,RU,73.5069,80.5464,38.34,95,100,31.81,light rain
57,Lorengau,PG,-2.0226,147.2712,84.25,67,89,4.72,heavy intensity rain
58,Tuktoyaktuk,CA,69.4541,-133.0374,48.2,100,100,4.61,overcast clouds
59,Hofn,IS,64.2539,-15.2082,51.94,80,50,5.17,scattered clouds
60,Benguela,AO,-12.5763,13.4055,65.48,89,8,4.29,clear sky
61,Nizhniy Ingash,RU,56.2,96.53,73.89,40,82,5.46,broken clouds
62,Araouane,ML,18.9048,-3.5265,84.7,54,20,6.4,light rain
63,Lata,PT,40.1629,-8.3327,58.96,88,0,1.52,clear sky
64,Sitka,US,57.0531,-135.33,55.29,88,100,9.22,light rain
65,Agirish,RU,61.9247,63.0231,62.69,46,97,10.89,overcast clouds
66,Hilo,US,19.7297,-155.09,78.53,81,20,10.36,few clouds
67,Clyde River,CA,70.4692,-68.5914,35.83,100,100,13.8,light rain
68,Sonneberg,DE,50.35,11.1667,68.5,86,72,1.99,broken clouds
69,Kenora,CA,49.8167,-94.4337,70.77,52,20,6.91,few clouds
70,Springbok,ZA,-29.6643,17.8865,41.9,63,0,5.44,clear sky
71,Nara,JP,34.6851,135.8049,87.17,52,92,8.46,overcast clouds
72,Esperance,AU,-33.8667,121.9,57.04,68,100,17.67,light rain
73,Davidson,US,36.1501,-86.7833,88.25,75,20,10.36,haze
74,Saskylakh,RU,71.9167,114.0833,59.02,46,30,19.62,scattered clouds
75,Georgetown,MY,5.4112,100.3354,87.89,72,20,3.44,few clouds
76,Carnarvon,AU,-24.8667,113.6333,68.07,94,100,17.27,overcast clouds
77,Saint George,US,37.1041,-113.5841,100.99,19,0,10.36,clear sky
78,New Norfolk,AU,-42.7826,147.0587,51.93,53,0,2.1,clear sky
79,Amazar,RU,53.858,120.875,81.9,50,35,3.24,scattered clouds
80,Kavaratti,IN,10.5669,72.642,80.98,79,100,20.29,overcast clouds
81,Aripuana,BR,-9.1667,-60.6333,71.38,53,0,2.01,clear sky
82,Newtownards,GB,54.5924,-5.6909,57.15,82,100,5.75,overcast clouds
83,Plouzane,FR,48.3833,-4.6167,60.85,83,100,5.75,overcast clouds
84,Buenos Aires,AR,-34.6132,-58.3772,58.95,92,0,4.61,clear sky
85,Bushehr,IR,28.9684,50.8385,91.49,62,2,11.5,clear sky
86,Bambous Virieux,MU,-20.3428,57.7575,71.22,94,75,20.71,light intensity shower rain
87,Saint-Philippe,RE,-21.3585,55.7679,69.39,79,47,16.62,light rain
88,Gravdal,NO,68.1214,13.5031,55.18,84,100,9.98,overcast clouds
89,Saint-Joseph,RE,-21.3667,55.6167,68.38,76,20,15.93,light rain
90,Soyo,AO,-6.1349,12.3689,68.25,94,10,5.84,clear sky
91,Effium,NG,6.6292,8.0593,71.82,94,100,4.83,overcast clouds
92,Hithadhoo,MV,-0.6,73.0833,80.78,71,100,5.28,overcast clouds
93,Burnie,AU,-41.0667,145.9167,55.92,67,89,11.97,overcast clouds
94,Chute-Aux-Outardes,CA,49.1168,-68.399,58.98,88,0,2.3,clear sky
95,Albany,US,42.6001,-73.9662,81.01,72,15,4.94,few clouds
96,Hobart,AU,-42.8794,147.3294,52.27,64,20,5.75,few clouds
97,Pimentel,PE,-6.8367,-79.9342,62.15,87,15,13.8,few clouds
98,Arraial Do Cabo,BR,-22.9661,-42.0278,70.29,83,41,9.95,scattered clouds
99,Moss Point,US,30.4116,-88.5345,84.43,91,10,11.34,clear sky
100,Port Alfred,ZA,-33.5906,26.891,55.18,95,67,3.0,broken clouds
101,Galdar,ES,28.147,-15.6502,79.3,74,27,13.82,scattered clouds
102,Acapulco,MX,16.8634,-99.8901,84.02,84,40,4.61,scattered clouds
103,Roald,NO,62.5833,6.1333,60.17,88,100,5.75,overcast clouds
104,Khatanga,RU,71.9667,102.5,54.63,49,100,20.54,overcast clouds
105,Ribeira Grande,PT,38.5167,-28.7,72.41,86,7,3.4,clear sky
106,Belaya Gora,RU,68.5333,146.4167,61.29,43,19,6.82,few clouds
107,Mapimi,MX,25.8167,-103.85,84.06,26,48,6.71,scattered clouds
108,Hualmay,PE,-11.0964,-77.6139,61.23,85,48,9.64,scattered clouds
109,Den Chai,TH,17.9837,100.0522,84.27,98,100,2.04,overcast clouds
110,Jamestown,US,42.097,-79.2353,76.59,88,75,9.22,broken clouds
111,Vanimo,PG,-2.6741,141.3028,86.77,64,56,10.74,broken clouds
112,Leshukonskoye,RU,64.8989,45.7622,68.74,59,35,5.03,scattered clouds
113,Tawang,IN,27.5833,91.8667,65.07,81,100,5.75,overcast clouds
114,Kaitangata,NZ,-46.2817,169.8464,45.01,80,94,8.23,overcast clouds
115,Lynchburg,US,37.4138,-79.1423,80.74,86,0,5.75,clear sky
116,Port Elizabeth,ZA,-33.918,25.5701,52.32,94,0,5.75,clear sky
117,Sihora,IN,23.4833,80.1167,83.53,84,100,7.52,overcast clouds
118,Castro,BR,-24.7911,-50.0119,54.79,94,4,4.21,clear sky
119,Terrak,NO,65.087,12.3715,55.27,99,100,2.8,light rain
120,Chokurdakh,RU,70.6333,147.9167,59.13,28,59,9.73,broken clouds
121,Santa Cruz,BO,-17.8,-63.1667,67.46,88,55,6.91,broken clouds
122,Beringovskiy,RU,63.05,179.3167,47.41,68,87,13.82,overcast clouds
123,Tartagal,AR,-22.5164,-63.8013,63.48,69,33,1.92,scattered clouds
124,Morshansk,RU,53.4435,41.8107,56.14,97,100,2.59,moderate rain
125,Upernavik,GL,72.7868,-56.1549,48.76,67,100,7.99,overcast clouds
126,Iqaluit,CA,63.7506,-68.5145,53.33,87,100,4.61,overcast clouds
127,Aklavik,CA,68.2191,-135.0107,61.41,53,100,9.04,overcast clouds
128,Broken Hill,AU,-31.95,141.4333,49.32,90,96,17.43,overcast clouds
129,Ruteng,ID,-8.6136,120.4721,70.0,67,88,1.52,overcast clouds
130,Puerto Ayora,EC,-0.7393,-90.3518,68.56,95,75,1.01,broken clouds
131,Ugoofaaru,MV,5.6667,73.0,81.95,73,99,17.38,overcast clouds
132,Zyryanka,RU,65.75,150.85,62.29,40,63,2.68,broken clouds
133,Desaguadero,PE,-16.5656,-69.0417,40.44,47,10,1.88,clear sky
134,Sur,OM,22.5667,59.5289,86.29,70,87,8.57,overcast clouds
135,Yerbogachen,RU,61.2767,108.0108,71.49,49,50,7.76,scattered clouds
136,Chuy,UY,-33.6971,-53.4616,58.03,98,75,7.7,moderate rain
137,Champerico,GT,14.3,-91.9167,81.45,80,100,6.42,overcast clouds
138,Qaanaaq,GL,77.484,-69.3632,40.75,80,100,6.76,overcast clouds
139,Aykhal,RU,66.0,111.5,53.78,75,100,5.21,overcast clouds
140,Lagoa,PT,39.05,-27.9833,70.75,84,10,5.5,clear sky
141,Polovinnoye,RU,54.7914,65.9864,64.44,75,3,12.59,clear sky
142,Atuona,PF,-9.8,-139.0333,77.59,76,35,15.55,scattered clouds
143,Moroto,UG,2.5345,34.6666,61.38,82,80,5.35,broken clouds
144,Fairbanks,US,64.8378,-147.7164,67.6,56,75,5.75,broken clouds
145,Nivala,FI,63.9167,24.9667,56.68,65,73,4.03,broken clouds
146,Tuxpan,MX,19.55,-103.4,67.42,96,31,3.33,scattered clouds
147,At-Bashi,KG,41.1702,75.8106,76.62,20,0,5.21,clear sky
148,Wanning,CN,18.8003,110.3967,83.73,84,15,14.23,few clouds
149,Lumberton,US,34.6182,-79.0086,80.91,79,53,9.15,broken clouds
150,Svetlyy,RU,54.675,20.1347,65.97,69,1,6.62,clear sky
151,Fare,PF,-16.7,-151.0167,77.11,73,9,11.97,light rain
152,Itaueira,BR,-7.6033,-43.0256,73.65,63,22,8.61,few clouds
153,Mahebourg,MU,-20.4081,57.7,71.26,94,75,20.71,light intensity shower rain
154,Belmonte,BR,-15.8631,-38.8828,70.54,85,19,7.43,few clouds
155,Omsukchan,RU,62.5333,155.8,54.21,42,100,8.75,overcast clouds
156,Micheweni,TZ,-4.9667,39.8333,73.49,81,61,14.76,light rain
157,Airai,TL,-8.9266,125.4092,71.26,59,60,3.62,broken clouds
158,Riyadh,SA,24.6877,46.7219,93.34,10,28,7.34,scattered clouds
159,Barrow,US,71.2906,-156.7887,46.42,76,0,13.8,clear sky
160,Mishan,CN,45.55,131.8833,77.34,76,51,5.21,broken clouds
161,Nabire,ID,-3.3667,135.4833,85.98,63,92,5.14,overcast clouds
162,Uwajima,JP,33.2238,132.56,84.51,76,100,3.38,overcast clouds
163,Nemuro,JP,43.3236,145.575,60.55,86,56,9.95,broken clouds
164,Beidao,CN,34.5686,105.8933,83.08,49,24,13.06,few clouds
165,Elliot,ZA,-31.3333,27.85,46.6,58,60,4.61,broken clouds
166,Bubaque,GW,11.2833,-15.8333,77.45,86,100,12.35,light rain
167,Punta Arenas,CL,-53.15,-70.9167,32.11,80,20,18.41,few clouds
168,Salta,AR,-24.7859,-65.4117,50.59,66,0,6.91,clear sky
169,Sarkand,KZ,45.41,79.9186,89.53,8,0,5.84,clear sky
170,Krasnoselkup,RU,65.7,82.4667,57.52,65,99,3.42,overcast clouds
171,Batagay,RU,67.6333,134.6333,61.09,51,100,2.04,overcast clouds
172,Banikoara,BJ,11.2985,2.4386,73.85,84,100,4.05,overcast clouds
173,Yarmouth,US,41.7057,-70.2286,77.11,89,0,12.66,clear sky
174,Leighton Buzzard,GB,51.9172,-0.658,60.66,86,83,8.46,broken clouds
175,Saldanha,ZA,-33.0117,17.9442,49.01,76,1,7.18,clear sky
176,Darhan,MN,49.4867,105.9228,67.73,53,100,10.45,light rain
177,Bundu,IN,23.1833,85.5833,88.02,69,100,1.45,overcast clouds
178,Thompson,CA,55.7435,-97.8558,59.16,88,40,8.05,scattered clouds
179,Kruisfontein,ZA,-34.0033,24.7314,47.88,92,4,7.34,clear sky
180,Mecca,SA,21.4267,39.8261,82.69,63,47,6.13,scattered clouds
181,Ulaanbaatar,MN,47.9077,106.8832,80.73,32,40,6.71,scattered clouds
182,Leningradskiy,RU,69.3833,178.4167,32.99,97,100,20.71,light snow
183,Amarante Do Maranhao,BR,-5.5667,-46.7422,71.29,53,18,2.95,few clouds
184,Hambantota,LK,6.1241,81.1185,84.07,71,92,17.43,overcast clouds
185,Port Hedland,AU,-20.3167,118.5667,86.05,19,6,3.44,clear sky
186,Saint-Louis,SN,16.3333,-15.0,78.93,73,85,10.98,light rain
187,Teseney,ER,15.11,36.6575,71.91,79,97,10.89,overcast clouds
188,Cockburn Town,TC,21.4612,-71.1419,82.08,80,2,21.65,clear sky
189,Samsun,TR,41.25,36.3333,70.0,63,40,2.3,scattered clouds
190,Kirando,TZ,-7.4167,30.6,71.44,54,78,6.53,broken clouds
191,Rameswaram,IN,9.2833,79.3,81.39,85,25,12.08,scattered clouds
192,Arahal,ES,37.1864,-5.5549,75.92,63,0,0.94,clear sky
193,Lamar,US,33.6668,-95.5836,91.31,46,0,8.05,clear sky
194,Norman Wells,CA,65.282,-126.8329,71.64,49,75,2.3,broken clouds
195,Gao,ML,16.6362,1.637,82.4,63,35,17.83,scattered clouds
196,Bairiki,KI,1.3292,172.9752,84.2,79,75,8.05,broken clouds
197,Uchiza,PE,-8.4592,-76.4633,71.33,78,64,2.8,broken clouds
198,Solnechnyy,RU,50.7214,136.6319,58.89,96,100,5.77,overcast clouds
199,Swan Hill,AU,-35.3378,143.5544,62.46,47,23,13.94,few clouds
200,Richards Bay,ZA,-28.783,32.0377,60.58,88,17,4.52,few clouds
201,Jaisinghnagar,IN,23.7,81.3833,82.74,73,100,6.26,overcast clouds
202,Guerrero Negro,MX,27.9769,-114.0611,70.16,76,14,15.61,few clouds
203,Libertador General San Martin,AR,-23.8064,-64.7876,62.04,64,55,2.57,broken clouds
204,Namibe,AO,-15.1961,12.1522,64.09,68,0,5.57,clear sky
205,Alta Floresta,BR,-9.8756,-56.0861,68.61,51,0,1.07,clear sky
206,Klaksvik,FO,62.2266,-6.589,49.12,91,79,17.74,broken clouds
207,East London,ZA,-33.0153,27.9116,56.34,100,20,8.05,few clouds
208,Kutum,SD,14.2,24.6667,73.74,64,59,4.36,broken clouds
209,Aljezur,PT,37.3191,-8.8033,66.9,63,0,7.34,clear sky
210,Taltal,CL,-25.4,-70.4833,56.77,88,100,1.5,overcast clouds
211,Qaqortoq,GL,60.7167,-46.0333,45.77,98,63,5.99,broken clouds
212,Calvinia,ZA,-31.4707,19.776,39.9,75,0,3.27,clear sky
213,Asau,RO,46.4333,26.4,67.28,75,0,3.53,clear sky
214,Martapura,ID,-3.4167,114.85,91.49,58,40,4.61,scattered clouds
215,Kidal,ML,18.4411,1.4078,79.9,57,93,13.27,overcast clouds
216,Kencong,ID,-8.2833,113.3667,80.89,69,53,8.34,broken clouds
217,Lazaro Cardenas,MX,17.9583,-102.2,80.46,89,18,3.0,few clouds
218,Mahajanga,MG,-15.7167,46.3167,64.42,77,20,6.91,few clouds
219,Gazanjyk,TM,39.2446,55.5154,87.08,53,0,10.38,clear sky
220,Mastic Beach,US,40.7668,-72.8521,80.8,87,0,8.99,clear sky
221,Castlegar,CA,49.2998,-117.6689,73.29,43,0,3.78,clear sky
222,Bathsheba,BB,13.2167,-59.5167,83.01,95,40,19.57,scattered clouds
223,Grand-Santi,GF,4.25,-54.3833,71.1,99,65,2.13,broken clouds
224,Eyl,SO,7.9803,49.8164,78.39,57,41,19.84,scattered clouds
225,Ransang,PH,8.9603,117.5828,86.61,65,97,6.15,overcast clouds
226,Lodingen,NO,68.414,15.9951,57.38,97,100,4.03,overcast clouds
227,Ginda,IN,30.6945,78.4932,72.97,82,91,4.34,overcast clouds
228,Gimli,CA,50.6336,-96.9907,64.53,73,0,13.38,clear sky
229,Mar Del Plata,AR,-38.0023,-57.5575,54.88,68,0,17.27,clear sky
230,Gat,IL,31.61,34.7642,77.68,100,1,3.47,clear sky
231,Dingle,PH,10.9995,122.6711,87.66,67,100,4.34,moderate rain
232,Cairns,AU,-16.9167,145.7667,88.07,65,40,12.66,scattered clouds
233,Antonovo,BG,43.15,26.1667,52.57,38,0,3.22,clear sky
234,Raduzhnyy,RU,62.0961,77.475,64.51,53,70,3.76,broken clouds
235,Robertsport,LR,6.7533,-11.3686,76.41,79,100,14.99,overcast clouds
236,Te Anau,NZ,-45.4167,167.7167,42.98,86,94,2.62,overcast clouds
237,Rio Grande,BR,-32.035,-52.0986,57.94,93,37,13.0,scattered clouds
238,Tuatapere,NZ,-46.1333,167.6833,46.2,82,100,4.85,overcast clouds
239,Srednekolymsk,RU,67.45,153.6833,59.29,46,35,6.04,scattered clouds
240,Salalah,OM,17.0151,54.0924,75.29,100,100,6.91,mist
241,Ostrovnoy,RU,68.0531,39.5131,52.2,84,24,3.38,few clouds
242,Koslan,RU,63.4564,48.8989,68.25,62,39,5.93,scattered clouds
243,Muhoroni,KE,-0.1541,35.1988,60.01,87,44,3.31,scattered clouds
244,Blackwater,AU,-23.5833,148.8833,62.29,75,95,12.12,overcast clouds
245,Port Lincoln,AU,-34.7333,135.8667,55.94,62,25,16.53,scattered clouds
246,Nikolskoye,RU,59.7035,30.7861,68.88,79,6,7.72,clear sky
247,Constantine,DZ,36.365,6.6147,63.81,77,0,2.3,clear sky
248,Xacmaz,AZ,41.4635,48.806,77.83,55,2,12.5,clear sky
249,Nantucket,US,41.2835,-70.0995,77.11,98,0,6.91,mist
250,Ancud,CL,-41.8697,-73.8203,40.23,64,62,12.48,broken clouds
251,Yulara,AU,-25.2406,130.9889,66.24,24,6,10.74,clear sky
252,Haines Junction,CA,60.7522,-137.5108,52.3,61,73,6.4,broken clouds
253,Fort Nelson,CA,58.8053,-122.7002,67.59,49,75,3.44,broken clouds
254,Dalby,AU,-27.1833,151.2667,54.68,88,100,15.28,overcast clouds
255,Hovd,MN,48.0056,91.6419,66.04,33,2,3.76,clear sky
256,Baoro,CF,5.6667,15.9667,65.95,98,82,2.37,broken clouds
257,Provideniya,RU,64.3833,-173.3,44.71,70,75,20.13,broken clouds
258,Payo,ID,-3.7508,103.6372,88.54,58,14,2.19,few clouds
259,Smithers,CA,54.7804,-127.1743,64.72,48,20,2.3,few clouds
260,Victoria,HK,22.2855,114.1577,93.25,99,10,9.24,clear sky
261,Nouadhibou,MR,20.931,-17.0347,67.62,96,1,13.44,clear sky
262,Meulaboh,ID,4.1363,96.1285,84.27,62,100,2.33,light rain
263,Ornskoldsvik,SE,63.2909,18.7153,56.35,100,100,2.3,fog
264,Illapel,CL,-31.6308,-71.1653,54.01,77,0,1.95,clear sky
265,Vostok,RU,46.4856,135.8833,68.23,91,90,2.95,overcast clouds
266,Adrar,MR,20.5022,-10.0711,87.96,32,75,8.01,broken clouds
267,Ketchikan,US,55.3422,-131.6461,55.87,88,100,8.05,overcast clouds
268,Hay River,CA,60.8156,-115.7999,60.78,82,56,4.61,broken clouds
269,Henties Bay,NA,-22.116,14.2845,55.4,82,0,5.5,clear sky
270,Kudahuvadhoo,MV,2.6708,72.8944,81.05,74,100,10.94,moderate rain
271,Nadym,RU,65.5333,72.5167,56.89,54,69,16.13,broken clouds
272,Atlantic Beach,US,30.3344,-81.3987,77.02,94,0,6.91,clear sky
273,Opuwo,NA,-18.0607,13.84,52.83,38,0,4.45,clear sky
274,Loa Janan,ID,-0.583,117.095,87.01,69,52,3.4,broken clouds
275,Glace Bay,CA,46.1969,-59.957,66.78,78,20,14.97,few clouds
276,Kwinana,AU,-32.25,115.7667,62.19,67,86,22.75,overcast clouds
277,Port Townsend,US,48.117,-122.7605,69.76,77,36,5.01,scattered clouds
278,Katsuura,JP,35.1333,140.3,81.36,77,92,8.88,overcast clouds
279,Souillac,MU,-20.5167,57.5167,66.58,94,75,20.71,light intensity shower rain
280,Mahibadhoo,MV,3.7833,72.9667,80.65,77,100,14.5,moderate rain
281,Porangatu,BR,-13.4408,-49.1486,70.39,43,0,1.83,clear sky
282,Centralia,US,46.7162,-122.9543,73.45,65,0,0.0,clear sky
283,Ozamiz,PH,8.1458,123.8444,87.08,72,70,2.42,broken clouds
284,Ballina,AU,-28.8667,153.5667,62.02,85,100,19.71,moderate rain
285,Dryden,CA,49.7833,-92.7503,70.09,60,0,11.5,clear sky
286,Karratha,AU,-20.7377,116.8463,78.94,32,5,3.67,clear sky
287,Nagato,JP,34.3833,131.2,84.45,81,96,14.99,overcast clouds
288,Mancio Lima,BR,-7.6142,-72.8958,71.67,100,0,0.0,clear sky
289,Mulchen,CL,-37.7167,-72.2333,50.16,98,100,5.23,overcast clouds
290,Kemalpasa,TR,38.4262,27.4173,72.18,73,0,7.14,clear sky
291,Codrington,AU,-38.2667,141.9667,59.61,56,4,8.66,clear sky
292,Husavik,IS,66.0449,-17.3389,44.8,88,65,2.93,broken clouds
293,Mandera,KE,3.9366,41.867,73.17,53,100,17.94,overcast clouds
294,Huilong,CN,31.8111,121.655,83.08,80,95,10.8,overcast clouds
295,Sistranda,NO,63.7256,8.834,53.56,95,100,13.2,overcast clouds
296,Bantry,IE,51.6833,-9.45,56.79,88,62,4.5,broken clouds
297,La Ronge,CA,55.1001,-105.2842,66.42,55,75,9.22,broken clouds
298,Saint-Pierre,RE,-21.3393,55.4781,69.48,62,1,16.11,clear sky
299,Viedma,AR,-40.8135,-62.9967,47.68,37,84,23.64,broken clouds
300,Anadyr,RU,64.75,177.4833,52.3,57,75,17.9,light intensity shower rain
301,Aktash,RU,50.3,87.7333,52.47,44,95,4.81,overcast clouds
302,Rocha,UY,-34.4833,-54.3333,59.5,95,56,10.04,broken clouds
303,Alexandria,EG,31.2156,29.9553,76.96,69,0,11.5,clear sky
304,Hamilton,US,39.1834,-84.5333,80.67,89,0,1.99,clear sky
305,Ushibuka,JP,32.1906,130.0228,80.2,95,100,11.88,overcast clouds
306,Tongchuan,CN,35.0806,109.0897,82.63,49,0,7.47,clear sky
307,Prince Rupert,CA,54.3161,-130.3201,56.89,82,75,6.91,broken clouds
308,Shihezi,CN,44.3,86.0333,86.97,15,2,7.85,clear sky
309,Kieta,PG,-6.2167,155.6333,84.69,65,71,5.28,broken clouds
310,Boa Vista,BR,2.8197,-60.6733,78.78,78,40,3.44,scattered clouds
311,Asyut,EG,27.181,31.1837,77.18,43,0,11.74,clear sky
312,Manaus,BR,-3.1019,-60.025,79.29,83,0,5.75,clear sky
313,Gorontalo,ID,0.5412,123.0595,88.11,63,12,4.97,few clouds
314,Upata,VE,8.0086,-62.3989,73.18,96,100,2.53,overcast clouds
315,Sobolevo,RU,54.4299,31.8996,57.43,78,81,14.76,broken clouds
316,Caravelas,BR,-17.7125,-39.2481,69.73,81,0,5.61,clear sky
317,Ahualulco,MX,22.4,-101.1667,71.42,58,12,11.81,few clouds
318,Wajima,JP,37.4,136.9,81.28,78,75,6.91,broken clouds
319,Tomatlan,MX,19.9333,-105.25,79.81,84,59,4.29,broken clouds
320,Miandrivazo,MG,-19.5167,45.4667,65.73,62,0,3.89,clear sky
321,Kommunisticheskiy,RU,61.6789,64.4819,63.61,47,100,10.22,overcast clouds
322,Margate,GB,51.3813,1.3862,65.89,81,85,5.99,overcast clouds
323,Sao Felix Do Xingu,BR,-6.6447,-51.995,75.52,51,93,2.26,overcast clouds
324,Keetmanshoop,NA,-26.5833,18.1333,49.8,53,2,4.54,clear sky
325,Dicabisagan,PH,17.0818,122.4157,88.27,66,98,5.01,overcast clouds
326,Beloye,UA,48.4952,39.0505,60.67,80,41,13.58,scattered clouds
327,Teya,RU,60.3778,92.6267,67.17,61,67,5.28,light rain
328,Geraldton,AU,-28.7667,114.6,64.81,88,75,12.66,broken clouds
329,Bonavista,CA,48.6499,-53.1147,59.25,93,100,20.74,light rain
330,Diffa,NE,13.3154,12.6113,75.76,74,97,9.33,overcast clouds
331,Sinnamary,GF,5.3833,-52.95,76.87,86,28,5.28,scattered clouds
332,Itoman,JP,26.1247,127.6694,89.62,79,20,10.36,few clouds
333,Comodoro Rivadavia,AR,-45.8667,-67.5,39.06,48,0,24.16,clear sky
334,Guiren,CN,33.6697,118.1889,83.91,68,62,5.93,broken clouds
335,Mandan,US,46.8267,-100.8896,68.95,71,0,6.91,clear sky
336,Ndjole,GA,-0.1783,10.7649,72.36,91,100,2.98,overcast clouds
337,Kati,ML,12.7441,-8.0726,72.81,94,100,2.26,light rain
338,San Cristobal,VE,7.7669,-72.225,68.18,97,67,4.05,broken clouds
339,Mosquera,CO,4.7059,-74.2302,51.89,87,20,4.61,few clouds
340,Joao Camara,BR,-5.5375,-35.8197,68.83,98,100,6.55,overcast clouds
341,Tokmak,UA,47.2514,35.7058,61.43,69,38,14.05,scattered clouds
342,Sao Filipe,CV,14.8961,-24.4956,75.18,90,46,4.94,scattered clouds
343,Basoko,CD,1.2391,23.616,70.34,94,38,2.95,scattered clouds
344,Bani,DO,18.2833,-70.3333,80.85,82,24,11.45,few clouds
345,Camacupa,AO,-12.0167,17.4833,51.24,50,16,4.7,few clouds
346,Moron,AR,-34.6534,-58.6198,58.96,94,0,4.47,clear sky
347,Deputatskiy,RU,69.3,139.9,51.73,57,81,17.92,broken clouds
348,Clearlake,US,38.9582,-122.6264,76.17,37,0,5.79,clear sky
349,Mabasa,PH,16.321,121.1262,87.62,61,86,4.47,light rain
350,Mataram,ID,-8.5833,116.1167,85.01,61,100,12.24,overcast clouds
351,Kiama,AU,-34.6833,150.8667,61.38,78,92,5.99,overcast clouds
352,Brae,GB,60.3964,-1.353,52.84,77,97,17.65,overcast clouds
353,Lagos,NG,6.5833,3.75,72.43,82,90,4.07,overcast clouds
354,Faanui,PF,-16.4833,-151.75,77.86,72,10,13.33,light rain
355,Armizonskoye,RU,55.9461,67.6736,63.91,75,2,15.5,clear sky
356,Mandalgovi,MN,45.7625,106.2708,80.76,28,78,13.53,broken clouds
357,Asosa,ET,10.0667,34.5333,58.5,96,100,1.86,light rain
358,Valer,NO,60.6785,11.8331,62.71,78,100,3.44,overcast clouds
359,Bud,US,39.447,-86.1758,80.58,80,0,6.85,clear sky
360,Kenai,US,60.5544,-151.2583,53.69,92,100,8.05,overcast clouds
361,North Bend,US,43.4065,-124.2243,61.25,97,100,6.91,overcast clouds
362,Maniitsoq,GL,65.4167,-52.9,46.4,95,100,9.57,light rain
363,Huarmey,PE,-10.0681,-78.1522,62.29,85,17,10.47,few clouds
364,Kashary,RU,49.04,41.0056,62.19,80,83,11.54,broken clouds
365,Gold Coast,AU,-28.0,153.4333,62.17,92,75,11.5,light intensity shower rain
366,Teterow,DE,53.7833,12.5667,74.91,49,82,7.56,broken clouds
367,Shalya,RU,57.2471,58.7298,58.69,79,11,8.59,few clouds
368,Constitucion,CL,-35.3333,-72.4167,50.52,89,2,6.17,clear sky
369,Gallup,US,35.5281,-108.7426,83.16,26,20,5.75,few clouds
370,Anisoc,GQ,1.8658,10.7689,67.6,99,100,0.81,overcast clouds
371,Naze,JP,28.3667,129.4833,88.72,78,85,18.75,overcast clouds
372,Little Current,CA,45.9793,-81.9248,66.25,88,23,19.1,few clouds
373,Beyneu,KZ,45.3167,55.2,84.79,24,58,17.65,broken clouds
374,Guanica,PR,17.9716,-66.908,82.06,84,26,5.41,scattered clouds
375,Mnogovershinnyy,RU,53.9353,139.9242,63.93,67,99,7.29,overcast clouds
376,Sioux Lookout,CA,50.1001,-91.917,64.47,94,40,2.3,scattered clouds
377,Kourou,GF,5.1552,-52.6478,78.12,88,37,3.6,scattered clouds
378,Cabo San Lucas,MX,22.8909,-109.9124,89.62,54,0,17.27,clear sky
379,Grand Island,US,40.925,-98.342,79.2,56,0,6.91,clear sky
380,Atasu,KZ,48.6814,71.6433,84.96,35,94,10.58,overcast clouds
381,Praxedis Guerrero,MX,31.3667,-106.0167,88.65,27,100,3.27,overcast clouds
382,Longyearbyen,SJ,78.2186,15.6401,51.64,82,75,10.36,broken clouds
383,Nelson Bay,AU,-32.7167,152.15,64.09,70,100,18.01,overcast clouds
384,Lompoc,US,34.6391,-120.4579,68.77,92,75,6.91,broken clouds
385,Mineros,BO,-17.1167,-63.2333,67.14,75,58,4.52,broken clouds
386,San Andres,CO,12.5847,-81.7006,82.42,83,40,9.22,scattered clouds
387,Tabas,IR,33.5959,56.9244,92.17,13,0,0.51,clear sky
388,Ardakan,IR,32.31,54.0175,87.6,19,0,7.54,clear sky
389,Ayan,RU,56.45,138.1667,59.04,93,93,5.08,overcast clouds
390,Nizhniy Odes,RU,63.6445,54.856,66.9,56,51,3.42,broken clouds
391,Mascote,BR,-15.5631,-39.3025,65.93,97,78,2.53,broken clouds
392,Yakeshi,CN,49.2833,120.7333,83.35,42,0,4.27,clear sky
393,Skjervoy,NO,70.0311,20.9714,62.6,79,48,8.81,scattered clouds
394,Puerto Escondido,MX,15.85,-97.0667,83.23,69,40,3.44,scattered clouds
395,San Juan,AR,-31.5375,-68.5364,54.91,25,0,3.49,clear sky
396,Matina,CR,10.0761,-83.2895,76.15,90,100,1.5,overcast clouds
397,Vila Velha,BR,-20.3297,-40.2925,66.94,93,0,3.44,clear sky
398,Fuerte Olimpo,PY,-21.0415,-57.8738,70.65,38,57,5.41,broken clouds
399,Charlestown,AU,-32.95,151.6667,65.01,70,100,8.01,light rain
400,Dillon,US,34.4166,-79.3712,80.94,83,47,7.27,scattered clouds
401,Lawrenceburg,US,38.0373,-84.8966,82.29,82,40,6.91,scattered clouds
402,Ventspils,LV,57.3894,21.5606,57.13,100,0,0.0,clear sky
403,Komsomolskiy,UZ,40.4272,71.7189,92.12,19,0,4.61,clear sky
404,Hami,CN,42.8,93.45,78.53,23,23,6.11,few clouds
405,Zhigansk,RU,66.7697,123.3711,59.23,62,100,8.32,overcast clouds
406,Petropavlovsk-Kamchatskiy,RU,53.0452,158.6483,64.99,72,75,13.42,broken clouds
407,Colombo,LK,6.9319,79.8478,84.15,83,79,13.42,broken clouds
408,Meadow Lake,US,34.8014,-106.5436,82.13,37,77,7.18,broken clouds
409,Yanam,IN,16.7333,82.2167,91.44,56,94,6.51,overcast clouds
410,Arlit,NE,18.7369,7.3853,88.32,26,85,4.03,overcast clouds
411,Prieska,ZA,-29.6641,22.7474,49.24,48,21,1.01,few clouds
412,San Julian,MX,21.0167,-102.1667,65.71,63,59,4.9,broken clouds
413,Riviere-Au-Renard,CA,48.9957,-64.3971,59.29,70,0,8.59,clear sky
414,Miraflores,MX,19.2167,-98.8083,70.45,79,67,3.69,broken clouds
415,Wuning,CN,29.2589,120.2311,96.84,48,41,10.29,scattered clouds
416,Havelock,US,34.8791,-76.9013,84.18,89,0,11.5,clear sky
417,Jiayuguan,CN,39.8167,98.3,68.45,29,46,14.03,scattered clouds
418,Qasigiannguit,GL,68.8193,-51.1922,48.45,95,100,7.25,light rain
419,Santa Maria,BR,-29.6842,-53.8069,63.68,91,37,4.5,scattered clouds
420,Kupang,ID,-10.1667,123.5833,85.84,57,75,9.33,broken clouds
421,Zubtsov,RU,56.1753,34.5894,59.54,96,94,11.14,light rain
422,Zhuhai,CN,22.2769,113.5678,92.98,74,20,10.36,few clouds
423,Piranhas,BR,-16.4269,-51.8222,67.1,40,7,4.45,clear sky
424,Half Moon Bay,US,37.4636,-122.4286,64.54,83,100,14.97,mist
425,Djibo,BF,14.1022,-1.6306,80.13,69,98,8.3,overcast clouds
426,Svetlaya,RU,46.5389,138.3297,62.73,85,97,5.97,overcast clouds
427,Vestmannaeyjar,IS,63.4427,-20.2734,51.3,83,76,13.04,broken clouds
428,Mehamn,NO,71.0357,27.8492,60.75,82,0,8.05,clear sky
429,Escanaba,US,45.7453,-87.0646,70.11,88,0,11.5,clear sky
430,San Policarpo,PH,12.1791,125.5072,85.64,70,95,6.78,heavy intensity rain
431,Rameshki,RU,57.3439,36.0453,57.22,94,84,12.39,light rain
432,Malanville,BJ,11.8685,3.3899,78.46,76,100,4.45,light rain
433,Khovu-Aksy,RU,51.1333,93.6,68.45,35,7,1.36,clear sky
434,Byron Bay,AU,-28.65,153.6167,61.95,75,100,18.21,moderate rain
435,Nchelenge,ZM,-9.3451,28.734,65.17,57,44,5.32,scattered clouds
436,Penzance,GB,50.1186,-5.5371,59.68,78,50,7.72,scattered clouds
437,Touba,CI,8.2833,-7.6833,68.05,97,100,4.63,overcast clouds
438,Buala,SB,-8.145,159.5921,85.15,67,70,7.36,broken clouds
439,Dandong,CN,40.1292,124.3947,74.41,81,99,7.31,overcast clouds
440,Thinadhoo,MV,0.5333,72.9333,80.89,73,100,2.86,overcast clouds
441,Bafq,IR,31.6128,55.4107,87.06,17,0,1.59,clear sky
442,Ocampo,MX,21.65,-101.5,65.37,54,2,11.41,clear sky
443,Port Hardy,CA,50.6996,-127.4199,55.58,82,20,8.05,fog
444,Lerwick,GB,60.1545,-1.1494,53.6,78,94,17.78,overcast clouds
445,Moussoro,TD,13.6408,16.4901,76.6,78,99,9.91,light rain
446,Redmond,US,47.674,-122.1215,76.98,66,0,4.38,clear sky
447,Laramie,US,41.3114,-105.5911,71.98,17,0,0.0,clear sky
448,Ayagoz,KZ,47.9714,80.4392,84.38,17,29,20.62,scattered clouds
449,Ranong,TH,9.9658,98.6348,76.93,90,100,9.51,moderate rain
450,Kot Addu,PK,30.4692,70.9671,96.84,51,8,14.88,clear sky
451,Pangnirtung,CA,66.1451,-65.7125,45.48,87,100,0.63,overcast clouds
452,Kahului,US,20.8947,-156.47,76.96,73,40,23.02,scattered clouds
453,Rockland,US,41.1668,-74.0496,83.84,73,2,5.3,clear sky
454,Turbat,PK,26.0023,63.044,83.52,77,100,10.16,overcast clouds
455,Cartagena,CO,10.3997,-75.5144,78.42,94,75,4.61,broken clouds
456,Pisco,PE,-13.7,-76.2167,60.85,77,100,4.61,overcast clouds
457,Fortuna,US,40.5982,-124.1573,56.35,89,15,4.79,few clouds
458,El Alto,PE,-4.2714,-81.2147,61.36,85,34,14.81,scattered clouds
459,Port-Cartier,CA,50.0334,-66.8654,65.88,68,12,7.11,few clouds
460,Mantua,IT,45.1667,10.7833,78.04,75,1,1.01,clear sky
461,Narsaq,GL,60.9167,-46.05,46.62,94,68,3.18,broken clouds
462,Ust-Nera,RU,64.5667,143.2,71.33,57,100,7.72,overcast clouds
463,Hasaki,JP,35.7333,140.8333,90.28,77,80,9.28,broken clouds
464,Portland,US,45.5234,-122.6762,82.35,54,20,8.05,few clouds
465,Oussouye,SN,12.485,-16.5469,76.71,90,100,3.42,light rain
466,Bandarbeyla,SO,9.4942,50.8122,80.96,56,7,27.22,clear sky
467,Buhe,CN,30.2876,112.2298,87.03,74,100,5.26,overcast clouds
468,Mezen,RU,65.8522,44.24,66.72,59,4,7.36,clear sky
469,Tepalcatepec,MX,19.1833,-102.85,79.34,75,9,2.19,clear sky
470,Kushiro,JP,42.975,144.3747,72.55,68,20,6.91,few clouds
471,Xuddur,SO,4.1213,43.8894,71.91,67,15,21.03,few clouds
472,Kirakira,SB,-10.4544,161.9205,84.51,70,25,9.57,scattered clouds
473,Heihe,CN,50.2441,127.4902,77.58,53,100,9.44,light rain
474,Rivera,UY,-30.9053,-55.5508,63.59,96,86,6.62,overcast clouds
475,Sosnovo-Ozerskoye,RU,52.5249,111.5418,74.39,37,72,7.61,broken clouds
476,Mingaora,PK,34.7758,72.3625,81.45,80,99,6.53,overcast clouds
477,George,ZA,-33.963,22.4617,44.15,93,0,4.61,clear sky
478,Tateyama,JP,34.9833,139.8667,81.0,82,74,9.4,broken clouds
479,Nizhnevartovsk,RU,60.9344,76.5531,66.22,72,0,8.99,clear sky
480,Okakarara,NA,-20.5833,17.4333,43.84,56,0,4.07,clear sky
481,Pangai,TO,-19.8,-174.35,78.91,73,40,13.8,scattered clouds
482,Bull Savanna,JM,17.8868,-77.5902,75.81,73,7,5.79,clear sky
483,Sharjah,AE,25.3573,55.4033,95.29,49,0,13.8,clear sky
484,Tura,IN,25.5198,90.2201,80.13,87,99,4.63,overcast clouds
485,Seoul,KR,37.5683,126.9778,74.8,83,75,9.22,mist
486,Port Blair,IN,11.6667,92.75,84.24,84,100,6.91,moderate rain
487,Kattivakkam,IN,13.2167,80.3167,87.89,77,97,6.4,overcast clouds
488,Vao,NC,-22.6667,167.4833,74.16,89,100,12.95,overcast clouds
489,Kalianget,ID,-7.05,113.9333,83.07,63,15,10.98,few clouds
490,Baltay,RU,52.4652,46.6308,65.88,66,95,11.12,overcast clouds
491,Saint-Francois,FR,46.4154,3.9054,56.68,94,0,2.3,clear sky
492,Cayenne,GF,4.9333,-52.3333,78.1,1,0,1.14,clear sky
493,San Quintin,MX,30.4833,-115.95,69.67,79,3,8.7,clear sky
494,Ginir,ET,7.1333,40.7,56.82,82,99,6.49,overcast clouds
495,Trinidad,BO,-14.8333,-64.9,70.03,54,11,2.84,few clouds
496,Norrkoping,SE,58.5942,16.1826,65.39,100,24,0.0,few clouds
497,Coquimbo,CL,-29.9533,-71.3436,53.33,87,100,3.44,overcast clouds
498,Nenagh,IE,52.8619,-8.1967,47.61,92,59,2.46,broken clouds
499,Parana,AR,-31.732,-60.5238,59.56,94,100,4.12,overcast clouds
500,Milan,IT,45.4643,9.1895,80.15,53,57,4.61,broken clouds
501,Loralai,PK,30.3705,68.598,84.7,53,2,2.66,clear sky
502,Wajir,KE,1.7471,40.0573,71.69,69,14,14.92,few clouds
503,Alvdal,NO,62.1077,10.6307,61.66,83,100,0.74,overcast clouds
504,Damavand,IR,35.7178,52.065,78.4,24,0,6.24,clear sky
505,Yeppoon,AU,-23.1333,150.7333,60.58,93,100,17.25,overcast clouds
506,Mount Isa,AU,-20.7333,139.5,71.37,20,1,13.8,clear sky
507,Trairi,BR,-3.2778,-39.2689,75.42,84,46,8.5,scattered clouds
508,El Tigre,VE,8.8875,-64.2454,73.08,94,96,4.72,overcast clouds
509,Naryan-Mar,RU,67.6713,53.087,59.77,67,98,14.67,overcast clouds
510,Atar,MR,20.5169,-13.0499,80.22,62,26,9.06,scattered clouds
511,Manokwari,ID,-0.8667,134.0833,83.44,71,66,5.53,broken clouds
512,Saint Anthony,US,45.0205,-93.218,79.75,64,0,9.22,clear sky
513,Surt,LY,31.2089,16.5887,77.83,69,0,6.6,clear sky
514,Loreto,MX,22.2667,-101.9667,71.26,48,56,13.65,broken clouds
515,Sivas,TR,39.7916,37.0019,54.23,87,40,6.91,scattered clouds
516,Ceres,US,37.5949,-120.9577,85.95,17,0,10.36,clear sky
517,Sampit,ID,-2.5333,112.95,87.67,67,27,2.26,scattered clouds
518,College,US,64.8569,-147.8028,67.21,58,75,5.75,broken clouds
519,Port Augusta,AU,-32.5,137.7667,64.42,44,33,13.78,scattered clouds
520,Wisconsin Rapids,US,44.3836,-89.8174,73.69,72,0,8.05,clear sky
521,Waipawa,NZ,-41.4122,175.5153,43.48,93,100,26.82,light rain
522,Ulagan,RU,50.6321,87.9563,62.22,51,98,4.83,light rain
523,Itacoatiara,BR,-3.1431,-58.4442,73.85,94,100,2.75,overcast clouds
524,Mizdah,LY,31.4451,12.9801,70.39,65,0,3.36,clear sky
525,Great Falls,US,47.5002,-111.3008,76.41,32,0,5.75,clear sky
526,Brandfort,ZA,-28.7001,26.4597,44.01,70,71,5.28,broken clouds
527,Wajid,SO,3.8093,43.2471,72.75,67,61,20.94,broken clouds
528,Bongandanga,CD,1.5,21.05,69.8,98,96,2.86,light rain
529,Ludvika,SE,60.1496,15.1878,65.61,55,77,5.35,broken clouds
530,Takoradi,GH,4.8845,-1.7554,72.19,76,21,6.44,few clouds
531,Sao Jose Da Coroa Grande,BR,-8.8978,-35.1478,74.12,89,100,10.4,overcast clouds
532,Kano,NG,12.0001,8.5167,72.9,79,99,4.43,overcast clouds
533,Goya,AR,-29.14,-59.2626,68.05,93,100,6.13,overcast clouds
534,Verkhnevilyuysk,RU,63.4453,120.3167,62.69,87,100,5.55,overcast clouds
535,Necochea,AR,-38.5473,-58.7368,54.91,60,10,16.28,clear sky
536,Aswan,EG,24.0934,32.907,88.9,23,0,6.91,clear sky
537,Maslovka,RU,51.5535,39.2357,57.72,91,97,13.0,overcast clouds
538,Agadir,MA,30.4202,-9.5982,75.65,30,13,8.16,few clouds
539,Murgab,TM,37.4966,61.9714,87.67,25,0,9.22,clear sky
540,Alice Springs,AU,-23.7,133.8833,62.15,27,5,9.22,clear sky
541,Afsin,TR,38.2477,36.914,65.66,58,0,5.88,clear sky
542,Beloha,MG,-25.1667,45.05,64.87,53,0,4.59,clear sky
543,Manicore,BR,-5.8092,-61.3003,73.35,94,0,0.0,clear sky
544,Usinsk,RU,65.9939,57.5281,70.32,52,87,7.4,overcast clouds
545,Linxia,CN,35.6003,103.2064,65.1,63,100,8.19,overcast clouds
546,Padang,ID,-0.9492,100.3543,85.24,68,34,6.04,light rain
547,Zermatt,CH,46.0213,7.7491,59.18,75,0,16.11,clear sky
548,Sisimiut,GL,66.9395,-53.6735,49.33,93,100,8.48,light rain
549,Reconquista,AR,-29.15,-59.65,68.2,93,100,6.67,overcast clouds
550,Piopio,NZ,-38.4667,175.0167,52.09,93,96,7.63,overcast clouds
551,Skoghall,SE,59.3232,13.4655,64.96,77,84,4.61,broken clouds
552,Amalapuram,IN,16.5833,82.0167,92.62,52,98,6.89,overcast clouds
553,Palmer,US,42.1584,-72.3287,79.97,78,0,4.23,clear sky
554,La Grande,US,45.3246,-118.0877,72.05,49,0,2.86,clear sky
555,Poum,NC,-20.2333,164.0167,77.63,82,37,20.87,scattered clouds
556,Nanortalik,GL,60.1432,-45.2371,48.85,87,10,13.47,clear sky
557,Rosenberg,SK,49.0748,19.3075,70.02,64,1,1.21,clear sky
558,Lipari,IT,38.4674,14.954,76.26,64,0,2.15,clear sky
559,Tarauaca,BR,-8.1614,-70.7656,69.01,67,5,0.96,clear sky
560,Santa Isabel Do Rio Negro,BR,-0.4139,-65.0192,71.17,99,97,1.57,overcast clouds
561,Tim,RU,51.6222,37.1244,52.7,92,70,9.82,broken clouds
562,Lanskroun,CZ,49.9122,16.6119,74.25,63,43,3.29,scattered clouds
563,Charters Towers,AU,-20.1,146.2667,73.13,45,39,10.09,scattered clouds
564,Anyang,CN,36.0994,114.3289,91.17,47,0,7.81,clear sky
565,Umm Lajj,SA,25.0213,37.2685,86.83,65,40,11.7,scattered clouds
566,Iralaya,HN,15.0,-83.2333,79.41,84,23,8.28,few clouds
567,Tonantins,BR,-2.8731,-67.8022,72.46,97,100,2.33,overcast clouds
568,Sorland,NO,67.667,12.6934,51.66,82,100,13.96,overcast clouds
569,Praia,CV,14.9215,-23.5087,75.74,94,20,5.75,few clouds
570,Mana,GF,5.6592,-53.7767,75.69,90,24,5.06,few clouds
571,Villazon,BO,-22.0866,-65.5942,42.1,35,26,0.29,scattered clouds
572,Kodinar,IN,20.7903,70.7031,82.72,79,100,17.45,overcast clouds
573,Vilhena,BR,-12.7406,-60.1458,65.48,47,13,3.11,few clouds
574,Malinyi,TZ,-8.9333,36.1333,66.7,76,65,0.65,broken clouds
575,San Luis,AR,-33.295,-66.3356,48.34,57,0,1.88,clear sky
576,Kizilskoye,RU,52.7255,58.8937,68.07,52,0,6.51,clear sky
577,Fairlie,GB,55.756,-4.8556,55.4,91,83,1.99,broken clouds
578,Isangel,VU,-19.55,169.2667,78.69,73,96,10.09,overcast clouds
579,Stromness,GB,58.965,-3.296,53.56,89,14,11.01,few clouds
580,Henderson,US,36.0397,-114.9819,103.12,17,0,10.36,clear sky
581,Shelekhov,RU,52.2139,104.1,68.38,39,100,3.29,overcast clouds
582,Mitu,CO,1.1983,-70.1733,69.31,99,77,2.06,broken clouds
583,Luderitz,NA,-26.6481,15.1594,55.63,60,0,12.41,clear sky
584,Zhangzhou,CN,24.5133,117.6556,94.93,46,5,3.87,clear sky
585,Zverinogolovskoye,RU,54.4586,64.8542,67.91,63,4,12.17,clear sky
586,Briceni,MD,48.3572,27.7036,63.03,57,0,10.58,clear sky
587,Ust-Tsilma,RU,65.441,52.1498,70.92,52,71,7.96,broken clouds
588,Tabango,PH,11.3077,124.373,85.5,71,100,1.97,moderate rain
589,Elizabeth City,US,36.2946,-76.2511,80.62,86,0,12.66,clear sky
590,Camacha,PT,33.0833,-16.3333,67.42,73,75,13.8,broken clouds
591,Nynashamn,SE,58.9034,17.9479,68.11,69,16,9.4,few clouds
592,Klyuchevskiy,RU,53.5317,119.4519,82.22,43,27,4.45,scattered clouds
593,Shingu,JP,33.7333,135.9833,86.32,59,75,5.79,broken clouds
594,Paamiut,GL,61.994,-49.6678,47.59,84,99,9.64,overcast clouds
595,Itarema,BR,-2.9248,-39.9167,72.82,89,44,8.61,scattered clouds
596,Zaozerne,UA,45.1582,33.2787,74.64,65,34,9.75,light rain
597,Shieli,KZ,44.1667,66.75,105.1,13,0,6.51,clear sky
598,Nome,US,64.5011,-165.4064,48.27,81,100,17.27,light rain
599,Baculin,PH,7.4525,126.5842,85.14,72,43,5.26,scattered clouds
600,Nekhayevskiy,RU,50.4106,41.7561,61.39,80,77,14.41,broken clouds
601,The Pas,CA,53.8251,-101.2541,64.42,72,100,9.22,overcast clouds
602,Hvolsvollur,IS,63.7533,-20.2243,47.88,82,86,1.66,overcast clouds
603,Cabra,ES,37.4725,-4.4421,72.37,47,0,4.45,clear sky
604,Ayorou,NE,14.7308,0.9174,83.25,60,53,10.85,broken clouds
605,Pontianak,ID,-0.0333,109.3333,89.58,62,75,0.0,broken clouds
606,Bridlington,GB,54.0831,-0.1919,64.89,85,98,14.23,overcast clouds
607,Urengoy,RU,65.9667,78.3667,53.1,70,100,7.11,overcast clouds
608,Arawa,PG,-6.2132,155.5367,85.6,64,91,5.12,overcast clouds
609,Kailua,US,21.4022,-157.7394,84.18,70,20,11.5,few clouds
610,Lekoni,GA,-1.5843,14.2591,71.51,82,88,5.48,overcast clouds
611,Lasa,IT,46.6166,10.7002,65.28,85,48,1.5,scattered clouds
612,Misratah,LY,32.3754,15.0925,78.85,64,0,4.9,clear sky
613,Alekseyevka,RU,50.6309,38.6903,56.5,89,71,14.07,broken clouds
614,Flin Flon,CA,54.7682,-101.865,58.66,68,68,6.29,broken clouds
615,Naifaru,MV,5.4444,73.3657,80.26,77,100,12.84,overcast clouds
616,Nyurba,RU,63.2842,118.3319,57.78,93,100,4.74,light rain
617,Bereda,ES,43.2686,-7.5406,62.58,100,99,5.55,overcast clouds
618,Chumikan,RU,54.7183,135.315,53.98,99,100,5.5,overcast clouds
619,Tczew,PL,54.0924,18.7779,74.89,100,0,8.72,clear sky
620,Nova Soure,BR,-11.2333,-38.4833,64.09,92,28,4.32,scattered clouds
621,Ust-Ishim,RU,57.6935,71.1665,64.53,87,100,3.31,light rain
622,Mao,ES,39.8885,4.2658,73.96,94,0,9.22,clear sky
623,Severnyy,RU,50.677,36.5532,57.24,88,75,11.18,broken clouds
624,Peniche,PT,39.3558,-9.3811,67.28,93,31,13.71,scattered clouds
625,Icod De Los Vinos,ES,28.3724,-16.7119,86.94,49,12,14.92,few clouds
626,Pauini,BR,-7.7136,-66.9764,70.48,69,3,0.22,clear sky
627,Erzin,TR,36.9559,36.2,80.22,68,0,5.32,clear sky
628,Utica,US,43.1009,-75.2327,79.74,73,50,10.36,scattered clouds
629,Zlotoryja,PL,51.1264,15.9198,73.65,50,52,3.6,broken clouds
630,Teacapan,MX,22.55,-105.75,83.35,79,45,0.54,scattered clouds
631,Mount Gambier,AU,-37.8333,140.7667,59.74,55,3,7.72,clear sky
632,Abnub,EG,27.2696,31.1511,77.22,41,0,16.02,clear sky
633,Teahupoo,PF,-17.8333,-149.2667,71.53,76,15,10.02,light rain
634,Kirensk,RU,57.7853,108.1119,71.89,50,100,2.44,overcast clouds
635,Innisfail,AU,-17.5333,146.0333,71.64,77,91,11.23,overcast clouds
636,Igarka,RU,67.4667,86.5833,50.81,96,100,8.48,light rain
637,Borogontsy,RU,62.6683,131.1683,81.93,50,100,6.58,overcast clouds
638,Copiapo,CL,-27.3667,-70.3333,49.69,82,100,1.19,light rain
639,Singarayakonda,IN,15.25,80.0333,93.36,48,100,15.48,overcast clouds
640,Camopi,GF,3.1655,-52.3158,69.76,99,28,1.14,scattered clouds
641,Coos Bay,US,43.3665,-124.2179,58.23,97,100,6.91,overcast clouds
642,Mazamet,FR,43.49,2.373,69.66,86,0,0.0,clear sky
643,Ponta Delgada,PT,37.7333,-25.6667,75.51,94,40,2.3,scattered clouds
644,Kushmurun,KZ,52.4503,64.6311,72.97,50,59,8.59,broken clouds
645,Hwange,ZW,-18.3693,26.5019,58.53,63,50,1.77,scattered clouds
646,Basco,PH,20.4487,121.9702,86.0,73,13,10.67,few clouds
647,Elesbao Veloso,BR,-6.2019,-42.1403,68.27,73,23,4.9,few clouds
648,Mulege,MX,26.8833,-111.9833,91.2,42,28,3.38,scattered clouds
649,Labuhan,ID,-6.8844,112.2051,86.58,56,25,4.65,scattered clouds
650,Parral,MX,26.9333,-105.6667,76.6,31,23,6.06,few clouds
651,Palmares Do Sul,BR,-30.2578,-50.5097,59.29,95,3,5.32,clear sky
652,Zabol,AF,32.25,67.25,85.14,24,0,17.98,clear sky
653,Kaka,TM,37.3482,59.6143,98.64,11,0,14.34,clear sky
654,Champaign,US,40.1334,-88.2001,73.99,88,0,5.75,clear sky
655,Mahabad,IR,36.7631,45.7222,86.52,15,0,2.66,clear sky
656,Watertown,US,42.3709,-71.1828,82.0,77,0,10.36,clear sky
657,Plettenberg Bay,ZA,-34.0527,23.3716,51.48,84,0,5.68,clear sky
658,Chitral,PK,35.8462,71.7858,87.62,52,6,6.87,clear sky
659,Tambacounda,SN,13.7539,-13.7586,75.76,92,100,6.67,overcast clouds
660,Egvekinot,RU,66.3167,-179.1667,44.17,54,88,9.64,overcast clouds
661,Pec,XK,42.6591,20.2883,69.62,51,0,3.4,clear sky
662,Nangomba,TZ,-10.9,38.5,65.64,81,0,2.46,clear sky
663,Santiago Del Estero,AR,-27.7951,-64.2615,62.65,63,100,2.75,overcast clouds
664,Saint-Georges,GD,12.0564,-61.7485,80.24,80,20,11.81,few clouds
665,Yellandu,IN,17.6,80.3333,79.77,82,100,10.0,overcast clouds
666,Puerto Quijarro,BO,-17.7833,-57.7667,68.7,42,37,0.65,scattered clouds
667,Camaqua,BR,-30.8511,-51.8122,59.23,94,1,4.79,clear sky
668,Moberly,US,39.4184,-92.4382,74.43,78,0,4.61,clear sky
669,Belyy Yar,RU,53.6039,91.3903,74.86,45,0,4.47,clear sky
670,Khuzhir,RU,53.1939,107.3397,54.09,86,89,7.0,overcast clouds
671,Ixtapa,MX,20.7,-105.2,85.23,79,40,0.0,scattered clouds
672,Nanga Eboko,CM,4.6833,12.3667,67.41,96,100,3.13,overcast clouds
673,Bondo,CD,3.8146,23.6866,68.14,98,94,1.45,overcast clouds
674,Corinto,GR,37.9407,22.9573,80.89,49,0,5.3,clear sky
675,Phangnga,TH,8.4509,98.5298,78.84,86,100,6.13,moderate rain
676,Porto Torres,IT,40.835,8.3972,82.09,66,0,1.54,clear sky
677,Monze,ZM,-16.2833,27.4833,54.79,82,30,4.81,scattered clouds
678,Catuday,PH,16.2923,119.8062,86.32,67,97,4.56,overcast clouds
679,Fukue,JP,32.6881,128.8419,88.16,79,75,13.8,broken clouds
680,Nairobi,KE,-1.2833,36.8167,57.97,85,40,5.75,scattered clouds
681,Wagar,SD,16.1525,36.2032,78.01,66,88,16.58,overcast clouds
682,Chama,CH,47.1821,8.4636,69.08,92,100,0.0,overcast clouds
683,Tarakan,ID,3.3,117.6333,89.1,66,20,9.22,few clouds
684,Barth,DE,54.3635,12.7249,75.09,48,67,9.31,broken clouds
685,Nuuk,GL,64.1835,-51.7216,59.61,67,100,25.32,overcast clouds
686,Sukhinichi,RU,54.0999,35.3425,58.01,90,98,13.11,overcast clouds
687,Vardo,NO,70.3705,31.1107,58.98,82,58,9.22,broken clouds
688,San Patricio,US,28.017,-97.5169,85.86,79,1,15.32,clear sky
689,Zhezkazgan,KZ,47.8043,67.7144,85.98,28,40,8.95,scattered clouds
690,Bucak,TR,37.4592,30.595,66.72,51,0,5.93,clear sky
691,Yongan,CN,39.6957,113.6871,87.24,27,0,6.69,clear sky
692,Tessalit,ML,20.1986,1.0114,80.24,52,50,14.05,scattered clouds
693,Leh,IN,34.1667,77.5833,67.12,9,99,5.21,overcast clouds
694,Bulgan,MN,48.8125,103.5347,53.04,92,100,5.39,light rain
695,Oranjestad,AW,12.524,-70.027,80.55,89,20,19.57,few clouds
696,Irpa Irpa,BO,-17.7167,-66.2667,55.26,36,1,1.7,clear sky
697,Ewa Beach,US,21.3156,-158.0072,84.15,57,0,17.27,clear sky
698,Vanavara,RU,60.34,102.2797,70.65,46,63,8.16,broken clouds
699,Tvoroyri,FO,61.5556,-6.8111,49.51,90,60,15.68,broken clouds
700,Moerai,PF,-22.4333,-151.3333,70.99,70,95,32.35,overcast clouds
701,Havoysund,NO,70.9963,24.6622,59.23,77,29,5.14,scattered clouds
702,Roma,US,43.2128,-75.4557,79.88,76,0,5.75,clear sky
703,Harrisonburg,US,38.4496,-78.8689,76.37,87,40,0.0,scattered clouds
704,Anshun,CN,26.25,105.9333,75.94,77,84,15.23,broken clouds
705,Harper,LR,4.375,-7.7169,73.22,74,92,6.87,overcast clouds
706,Garelochhead,GB,56.082,-4.8291,54.27,97,87,4.21,overcast clouds
707,Taoudenni,ML,22.6783,-3.9836,89.74,40,82,11.01,broken clouds
708,Grindavik,IS,63.8424,-22.4338,49.95,93,75,6.91,light rain
709,Raudeberg,NO,61.9875,5.1352,54.27,90,24,10.71,few clouds
710,Porto Novo,BJ,6.4965,2.6036,76.82,79,93,5.66,overcast clouds
711,Ibara,JP,34.6,133.4667,79.38,92,98,4.61,overcast clouds
712,Roebourne,AU,-20.7833,117.1333,80.26,28,5,4.9,clear sky
713,Campbell River,CA,50.0163,-125.2446,72.93,77,20,3.44,few clouds
714,Washougal,US,45.5826,-122.3534,82.22,58,0,3.44,clear sky
715,Abonnema,NG,4.7084,6.7931,73.63,83,100,5.61,overcast clouds
716,Rudnogorsk,RU,57.2639,103.7519,73.89,40,68,4.74,broken clouds
717,Whitehorse,CA,60.7161,-135.0538,50.81,72,75,11.5,shower rain
718,Nyagan,RU,62.1406,65.3936,66.54,38,94,11.23,overcast clouds
719,Gamba,GA,-2.65,10.0,70.11,92,99,5.73,overcast clouds
720,Grand Gaube,MU,-20.0064,57.6608,71.38,65,89,11.99,overcast clouds
721,Gines,ES,37.3868,-6.0774,75.18,66,0,3.44,clear sky
722,Koutiala,ML,12.3917,-5.4642,73.22,90,65,9.48,broken clouds
723,Yuanping,CN,38.7153,112.7575,90.1,31,0,2.48,clear sky
724,Pampa,US,35.5362,-100.9599,85.15,44,0,8.05,clear sky
725,Ocean Springs,US,30.4113,-88.8278,86.02,91,13,12.03,few clouds
726,Ihosy,MG,-22.4,46.1167,58.82,82,77,5.99,broken clouds
727,Berehove,UA,48.2056,22.6442,72.05,56,2,6.58,clear sky
